{
  "replace_whitelist": false,
  "replace_defaults": false,
  "whitelist": [
    "entity/leashknot/place1",
    "minecraft:ambient.underwater.enter",
    "minecraft:ambient.underwater.exit",
    "minecraft:block.anvil.destroy",
    "minecraft:block.anvil.land",
    "minecraft:block.anvil.use",
    "minecraft:block.bamboo_wood_door.close",
    "minecraft:block.bamboo_wood_door.open",
    "minecraft:block.bamboo_wood_trapdoor.close",
    "minecraft:block.bamboo_wood_trapdoor.open",
    "minecraft:block.barrel.close",
    "minecraft:block.barrel.open",
    "minecraft:block.bell.resonate",
    "minecraft:block.bell.use",
    "minecraft:block.cherry_wood_door.close",
    "minecraft:block.cherry_wood_door.open",
    "minecraft:block.cherry_wood_trapdoor.close",
    "minecraft:block.cherry_wood_trapdoor.open",
    "minecraft:block.chest.close",
    "minecraft:block.chest.open",
    "minecraft:block.dispenser.dispense",
    "minecraft:block.dispenser.launch",
    "minecraft:block.ender_chest.close",
    "minecraft:block.ender_chest.open",
    "minecraft:block.fence_gate.close",
    "minecraft:block.fence_gate.open",
    "minecraft:block.furnace.fire_crackle",
    "minecraft:block.grass.break",
    "minecraft:block.gravel.fall",
    "minecraft:block.iron_door.close",
    "minecraft:block.iron_door.open",
    "minecraft:block.iron_trapdoor.close",
    "minecraft:block.iron_trapdoor.open",
    "minecraft:block.lever.click",
    "minecraft:block.piston.contract",
    "minecraft:block.piston.extend",
    "minecraft:block.sand.fall",
    "minecraft:block.scaffolding.break",
    "minecraft:block.shulker_box.close",
    "minecraft:block.shulker_box.open",
    "minecraft:block.wooden_door.close",
    "minecraft:block.wooden_door.open",
    "minecraft:block.wooden_trapdoor.close",
    "minecraft:block.wooden_trapdoor.open",
    "minecraft:entity.arrow.shoot",
    "minecraft:entity.boat.paddle_water",
    "minecraft:entity.firework_rocket.blast",
    "minecraft:entity.firework_rocket.large_blast",
    "minecraft:entity.firework_rocket.launch",
    "minecraft:entity.generic.explode",
    "minecraft:entity.player.hurt",
    "minecraft:entity.player.jump",
    "minecraft:entity.player.sneak",
    "minecraft:entity.player.sprint",
    "minecraft:item.crossbow.loading_end",
    "minecraft:item.crossbow.loading_middle",
    "minecraft:item.crossbow.loading_start",
    "minecraft:item.crossbow.quick_charge_1",
    "minecraft:item.crossbow.quick_charge_2",
    "minecraft:item.crossbow.quick_charge_3",
    "minecraft:item.crossbow.shoot",
    "minecraft:item.shield.block",
    "minecraft:random/anvil_land"
  ],
  "defaults": {
    "minecraft:item.crossbow.shoot": {
      "range": 16.0,
      "weight": 4.0
    },
    "minecraft:item.crossbow.loading_start": {
      "range": 6.0,
      "weight": 2.0
    },
    "minecraft:item.crossbow.loading_middle": {
      "range": 6.0,
      "weight": 2.0
    },
    "minecraft:item.crossbow.loading_end": {
      "range": 6.0,
      "weight": 2.0
    },
    "minecraft:item.crossbow.quick_charge_1": {
      "range": 6.0,
      "weight": 2.0
    },
    "minecraft:item.crossbow.quick_charge_2": {
      "range": 6.0,
      "weight": 2.0
    },
    "minecraft:item.crossbow.quick_charge_3": {
      "range": 6.0,
      "weight": 2.0
    },
    "minecraft:entity.arrow.shoot": {
      "range": 14.0,
      "weight": 4.0
    },
    "minecraft:item.shield.block": {
      "range": 12.0,
      "weight": 3.0
    },
    "minecraft:block.lever.click": {
      "range": 5.0,
      "weight": 3.0
    },
    "minecraft:block.wooden_trapdoor.open": {
      "range": 8.0,
      "weight": 3.0
    },
    "minecraft:block.wooden_trapdoor.close": {
      "range": 8.0,
      "weight": 3.0
    },
    "minecraft:block.bamboo_wood_trapdoor.open": {
      "range": 10.0,
      "weight": 3.0
    },
    "minecraft:block.bamboo_wood_trapdoor.close": {
      "range": 10.0,
      "weight": 3.0
    },
    "minecraft:block.cherry_wood_trapdoor.open": {
      "range": 10.0,
      "weight": 3.0
    },
    "minecraft:block.cherry_wood_trapdoor.close": {
      "range": 10.0,
      "weight": 3.0
    },
    "minecraft:block.iron_trapdoor.open": {
      "range": 15.0,
      "weight": 4.0
    },
    "minecraft:block.iron_trapdoor.close": {
      "range": 15.0,
      "weight": 4.0
    },
    "minecraft:block.wooden_door.open": {
      "range": 12.0,
      "weight": 4.0
    },
    "minecraft:block.wooden_door.close": {
      "range": 12.0,
      "weight": 4.0
    },
    "minecraft:block.bamboo_wood_door.open": {
      "range": 15.0,
      "weight": 4.0
    },
    "minecraft:block.bamboo_wood_door.close": {
      "range": 15.0,
      "weight": 4.0
    },
    "minecraft:block.cherry_wood_door.open": {
      "range": 15.0,
      "weight": 4.0
    },
    "minecraft:block.cherry_wood_door.close": {
      "range": 15.0,
      "weight": 4.0
    },
    "minecraft:block.iron_door.open": {
      "range": 20.0,
      "weight": 5.0
    },
    "minecraft:block.iron_door.close": {
      "range": 20.0,
      "weight": 5.0
    },
    "minecraft:block.fence_gate.open": {
      "range": 10.0,
      "weight": 3.0
    },
    "minecraft:block.fence_gate.close": {
      "range": 10.0,
      "weight": 3.0
    },
    "minecraft:block.piston.extend": {
      "range": 20.0,
      "weight": 4.0
    },
    "minecraft:block.piston.contract": {
      "range": 20.0,
      "weight": 4.0
    },
    "minecraft:block.dispenser.dispense": {
      "range": 12.0,
      "weight": 4.0
    },
    "minecraft:block.dispenser.launch": {
      "range": 12.0,
      "weight": 4.0
    },
    "minecraft:block.anvil.land": {
      "range": 25.0,
      "weight": 5.0
    },
    "minecraft:block.anvil.use": {
      "range": 25.0,
      "weight": 5.0
    },
    "minecraft:block.anvil.destroy": {
      "range": 25.0,
      "weight": 5.0
    },
    "minecraft:block.sand.fall": {
      "range": 6.0,
      "weight": 3.0
    },
    "minecraft:block.gravel.fall": {
      "range": 6.0,
      "weight": 3.0
    },
    "minecraft:block.grass.break": {
      "range": 3.0,
      "weight": 2.0
    },
    "minecraft:block.scaffolding.break": {
      "range": 3.0,
      "weight": 2.0
    },
    "minecraft:entity.boat.paddle_water": {
      "range": 8.0,
      "weight": 3.0
    },
    "minecraft:ambient.underwater.enter": {
      "range": 4.0,
      "weight": 2.0
    },
    "minecraft:ambient.underwater.exit": {
      "range": 4.0,
      "weight": 2.0
    },
    "minecraft:block.chest.open": {
      "range": 5.0,
      "weight": 2.0
    },
    "minecraft:block.chest.close": {
      "range": 5.0,
      "weight": 2.0
    },
    "minecraft:block.barrel.open": {
      "range": 5.0,
      "weight": 2.0
    },
    "minecraft:block.barrel.close": {
      "range": 5.0,
      "weight": 2.0
    },
    "minecraft:block.ender_chest.open": {
      "range": 6.0,
      "weight": 2.0
    },
    "minecraft:block.ender_chest.close": {
      "range": 6.0,
      "weight": 2.0
    },
    "minecraft:block.shulker_box.open": {
      "range": 6.0,
      "weight": 2.0
    },
    "minecraft:block.shulker_box.close": {
      "range": 6.0,
      "weight": 2.0
    },
    "minecraft:block.bell.use": {
      "range": 30.0,
      "weight": 5.0
    },
    "minecraft:block.bell.resonate": {
      "range": 15.0,
      "weight": 4.0
    },
    "minecraft:block.furnace.fire_crackle": {
      "range": 8.0,
      "weight": 3.0
    },
    "minecraft:entity.generic.explode": {
      "range": 50.0,
      "weight": 7.0
    },
    "minecraft:entity.firework_rocket.launch": {
      "range": 10.0,
      "weight": 3.0
    },
    "minecraft:entity.firework_rocket.blast": {
      "range": 20.0,
      "weight": 5.0
    },
    "minecraft:entity.firework_rocket.large_blast": {
      "range": 30.0,
      "weight": 6.0
    }
  }
}