{
  "replace_whitelist": false,
  "replace_defaults": false,
  "whitelist": [
    "cgm:entity.stun_grenade.explosion",
    "cgm:entity.stun_grenade.ring",
    "cgm:item.assault_rifle.cock",
    "cgm:item.assault_rifle.enchanted_fire",
    "cgm:item.assault_rifle.fire",
    "cgm:item.assault_rifle.silenced_fire",
    "cgm:item.bazooka.fire",
    "cgm:item.grenade.pin",
    "cgm:item.grenade_launcher.fire",
    "cgm:item.heavy_rifle.cock",
    "cgm:item.heavy_rifle.enchanted_fire",
    "cgm:item.heavy_rifle.fire",
    "cgm:item.heavy_rifle.silenced_fire",
    "cgm:item.machine_pistol.enchanted_fire",
    "cgm:item.machine_pistol.fire",
    "cgm:item.machine_pistol.silenced_fire",
    "cgm:item.mini_gun.enchanted_fire",
    "cgm:item.mini_gun.fire",
    "cgm:item.pistol.cock",
    "cgm:item.pistol.enchanted_fire",
    "cgm:item.pistol.fire",
    "cgm:item.pistol.reload",
    "cgm:item.pistol.silenced_fire",
    "cgm:item.rifle.cock",
    "cgm:item.rifle.enchanted_fire",
    "cgm:item.rifle.fire",
    "cgm:item.rifle.silenced_fire",
    "cgm:item.shotgun.cock",
    "cgm:item.shotgun.enchanted_fire",
    "cgm:item.shotgun.fire",
    "cgm:item.shotgun.silenced_fire"
  ],
  "defaults": {
    "cgm:item.shotgun.fire": {
      "range": 156.0,
      "weight": 15.0
    },
    "cgm:item.shotgun.silenced_fire": {
      "range": 131.0,
      "weight": 13.0
    },
    "cgm:item.shotgun.enchanted_fire": {
      "range": 156.0,
      "weight": 15.0
    },
    "cgm:item.shotgun.cock": {
      "range": 90.0,
      "weight": 6.0
    },
    "cgm:item.rifle.fire": {
      "range": 162.0,
      "weight": 16.0
    },
    "cgm:item.rifle.silenced_fire": {
      "range": 137.0,
      "weight": 13.0
    },
    "cgm:item.rifle.enchanted_fire": {
      "range": 162.0,
      "weight": 16.0
    },
    "cgm:item.rifle.cock": {
      "range": 90.0,
      "weight": 6.0
    },
    "cgm:item.pistol.fire": {
      "range": 164.0,
      "weight": 16.0
    },
    "cgm:item.pistol.silenced_fire": {
      "range": 139.0,
      "weight": 13.0
    },
    "cgm:item.pistol.enchanted_fire": {
      "range": 164.0,
      "weight": 16.0
    },
    "cgm:item.pistol.reload": {
      "range": 85.0,
      "weight": 7.0
    },
    "cgm:item.pistol.cock": {
      "range": 90.0,
      "weight": 6.0
    },
    "cgm:item.assault_rifle.fire": {
      "range": 159.0,
      "weight": 16.0
    },
    "cgm:item.assault_rifle.silenced_fire": {
      "range": 134.0,
      "weight": 13.0
    },
    "cgm:item.assault_rifle.enchanted_fire": {
      "range": 159.0,
      "weight": 16.0
    },
    "cgm:item.assault_rifle.cock": {
      "range": 90.0,
      "weight": 6.0
    },
    "cgm:item.grenade_launcher.fire": {
      "range": 172.0,
      "weight": 17.0
    },
    "cgm:item.bazooka.fire": {
      "range": 184.0,
      "weight": 17.0
    },
    "cgm:item.mini_gun.fire": {
      "range": 180.0,
      "weight": 17.0
    },
    "cgm:item.mini_gun.enchanted_fire": {
      "range": 180.0,
      "weight": 17.0
    },
    "cgm:item.machine_pistol.fire": {
      "range": 160.0,
      "weight": 16.0
    },
    "cgm:item.machine_pistol.silenced_fire": {
      "range": 135.0,
      "weight": 13.0
    },
    "cgm:item.machine_pistol.enchanted_fire": {
      "range": 160.0,
      "weight": 16.0
    },
    "cgm:item.heavy_rifle.fire": {
      "range": 165.0,
      "weight": 16.0
    },
    "cgm:item.heavy_rifle.silenced_fire": {
      "range": 140.0,
      "weight": 13.0
    },
    "cgm:item.heavy_rifle.enchanted_fire": {
      "range": 165.0,
      "weight": 16.0
    },
    "cgm:item.heavy_rifle.cock": {
      "range": 90.0,
      "weight": 6.0
    },
    "cgm:item.grenade.pin": {
      "range": 72.0,
      "weight": 6.0
    },
    "cgm:entity.stun_grenade.explosion": {
      "range": 175.0,
      "weight": 18.0
    },
    "cgm:entity.stun_grenade.ring": {
      "range": 104.0,
      "weight": 10.0
    }
  }
}