{
  "replace": true,
  "guns": [
    {
      "item": "tacz:deagle_golder",
      "db": 164.0
    },
    {
      "item": "tacz:m1911",
      "db": 157.0
    },
    {
      "item": "tacz:deagle",
      "db": 164.0
    },
    {
      "item": "tacz:cz75",
      "db": 157.0
    },
    {
      "item": "tacz:p320",
      "db": 157.0
    },
    {
      "item": "tacz:m700",
      "db": 160.0
    },
    {
      "item": "tacz:m107",
      "db": 171.0
    },
    {
      "item": "tacz:m95",
      "db": 172.0
    },
    {
      "item": "tacz:ai_awp",
      "db": 170.0
    },
    {
      "item": "tacz:sks_tactical",
      "db": 159.0
    },
    {
      "item": "tacz:ak47",
      "db": 159.0
    },
    {
      "item": "tacz:type_81",
      "db": 158.0
    },
    {
      "item": "tacz:qbz_95",
      "db": 160.0
    },
    {
      "item": "tacz:hk416d",
      "db": 161.0
    },
    {
      "item": "tacz:m4a1",
      "db": 159.0
    },
    {
      "item": "tacz:m16a1",
      "db": 159.0
    },
    {
      "item": "tacz:hk_g3",
      "db": 161.0
    },
    {
      "item": "tacz:m16a4",
      "db": 159.0
    },
    {
      "item": "tacz:mk14",
      "db": 162.0
    },
    {
      "item": "tacz:scar_l",
      "db": 161.0
    },
    {
      "item": "tacz:scar_h",
      "db": 162.0
    },
    {
      "item": "tacz:aug",
      "db": 160.0
    },
    {
      "item": "tacz:db_short",
      "db": 165.0
    },
    {
      "item": "tacz:db_long",
      "db": 166.0
    },
    {
      "item": "tacz:m870",
      "db": 165.0
    },
    {
      "item": "tacz:aa12",
      "db": 161.0
    },
    {
      "item": "tacz:ump45",
      "db": 158.0
    },
    {
      "item": "tacz:hk_mp5a5",
      "db": 158.0
    },
    {
      "item": "tacz:uzi",
      "db": 157.0
    },
    {
      "item": "tacz:vector45",
      "db": 158.0
    },
    {
      "item": "tacz:p90",
      "db": 156.0
    },
    {
      "item": "tacz:rpg7",
      "db": 180.0
    },
    {
      "item": "tacz:m320",
      "db": 172.0
    },
    {
      "item": "tacz:m249",
      "db": 165.0
    },
    {
      "item": "tacz:rpk",
      "db": 164.0
    },
    {
      "item": "tacz:g36k",
      "db": 135.0
    },
    {
      "item": "tacz:spr15hb",
      "db": 140.0
    },
    {
      "item": "tacz:b93r",
      "db": 125.0
    },
    {
      "item": "tacz:glock_17",
      "db": 125.0
    }
  ],
  "attachments": [
    {
      "item": "tacz:muzzle_brake_cthulhu",
      "db": -3.0
    },
    {
      "item": "tacz:muzzle_brake_pioneer",
      "db": -3.0
    },
    {
      "item": "tacz:muzzle_brake_cyclone_d2",
      "db": -3.0
    },
    {
      "item": "tacz:muzzle_brake_trex",
      "db": -5.0
    },
    {
      "item": "tacz:muzzle_silencer_mirage",
      "db": 35.0
    },
    {
      "item": "tacz:muzzle_silencer_vulture",
      "db": 45.0
    },
    {
      "item": "tacz:muzzle_silencer_knight_qd",
      "db": 40.0
    },
    {
      "item": "tacz:muzzle_silencer_ursus",
      "db": 30.0
    },
    {
      "item": "tacz:muzzle_silencer_ptilopsis",
      "db": 30.0
    },
    {
      "item": "tacz:muzzle_silencer_phantom_s1",
      "db": 30.0
    },
    {
      "item": "tacz:muzzle_compensator_trident",
      "db": -2.0
    },
    {
      "item": "tacz:deagle_golden_long_barrel",
      "db": 20.0
    }
  ],
  "muzzle_flash": []
}