{
  "replace": true,
  "guns": [
    {
      "item": "suffuse:aks74u",
      "db": 157.0
    },
    {
      "item": "suffuse:python",
      "db": 155.0
    },
    {
      "item": "suffuse:tec9",
      "db": 160.0
    },
    {
      "item": "suffuse:tt33",
      "db": 158.0
    },
    {
      "item": "suffuse:tti2011",
      "db": 158.0
    },
    {
      "item": "suffuse:trapper50cal",
      "db": 172.0
    },
    {
      "item": "suffuse:viper2011",
      "db": 158.0
    },
    {
      "item": "suffuse:aw50",
      "db": 173.0
    },
    {
      "item": "suffuse:gm6",
      "db": 172.0
    },
    {
      "item": "suffuse:m200",
      "db": 173.0
    },
    {
      "item": "suffuse:xm7",
      "db": 165.0
    },
    {
      "item": "suffuse:qbu191",
      "db": 164.0
    },
    {
      "item": "suffuse:n4",
      "db": 161.0
    },
    {
      "item": "suffuse:qbz951",
      "db": 160.0
    },
    {
      "item": "suffuse:ash12",
      "db": 165.0
    },
    {
      "item": "suffuse:qbz951s",
      "db": 160.0
    },
    {
      "item": "suffuse:qbz192",
      "db": 159.0
    },
    {
      "item": "suffuse:an94",
      "db": 161.0
    },
    {
      "item": "suffuse:pp19",
      "db": 157.0
    },
    {
      "item": "suffuse:m79",
      "db": 172.0
    },
    {
      "item": "suffuse:pkp",
      "db": 165.0
    }
  ],
  "attachments": [],
  "muzzle_flash": []
}