{
  "replace_whitelist": false,
  "replace_defaults": false,
  "whitelist": [],
  "defaults": {
    "superbwarfare:taser_fire_1p": {
      "range": 150.0,
      "weight": 65.0
    },
    "superbwarfare:taser_fire_3p": {
      "range": 150.0,
      "weight": 65.0
    },
    "superbwarfare:taser_reload_empty": {
      "range": 30.0,
      "weight": 25.0
    },
    "superbwarfare:trachelium_fire_1p": {
      "range": 150.0,
      "weight": 65.0
    },
    "superbwarfare:trachelium_fire_3p": {
      "range": 150.0,
      "weight": 65.0
    },
    "superbwarfare:trachelium_far": {
      "range": 250.0,
      "weight": 150.0
    },
    "superbwarfare:trachelium_veryfar": {
      "range": 400.0,
      "weight": 300.0
    },
    "superbwarfare:trachelium_fire_1p_s": {
      "range": 150.0,
      "weight": 65.0
    },
    "superbwarfare:trachelium_fire_3p_s": {
      "range": 150.0,
      "weight": 65.0
    },
    "superbwarfare:trachelium_far_s": {
      "range": 250.0,
      "weight": 150.0
    },
    "superbwarfare:trachelium_reload_empty": {
      "range": 30.0,
      "weight": 25.0
    },
    "superbwarfare:trachelium_bolt": {
      "range": 30.0,
      "weight": 10.0
    },
    "superbwarfare:hunting_rifle_fire_1p": {
      "range": 150.0,
      "weight": 65.0
    },
    "superbwarfare:hunting_rifle_fire_3p": {
      "range": 150.0,
      "weight": 65.0
    },
    "superbwarfare:hunting_rifle_far": {
      "range": 250.0,
      "weight": 150.0
    },
    "superbwarfare:hunting_rifle_veryfar": {
      "range": 400.0,
      "weight": 300.0
    },
    "superbwarfare:hunting_rifle_reload_empty": {
      "range": 30.0,
      "weight": 25.0
    },
    "superbwarfare:m_79_fire_1p": {
      "range": 150.0,
      "weight": 65.0
    },
    "superbwarfare:m_79_fire_3p": {
      "range": 150.0,
      "weight": 65.0
    },
    "superbwarfare:m_79_far": {
      "range": 250.0,
      "weight": 150.0
    },
    "superbwarfare:m_79_veryfar": {
      "range": 400.0,
      "weight": 300.0
    },
    "superbwarfare:m_79_reload_empty": {
      "range": 30.0,
      "weight": 25.0
    },
    "superbwarfare:sks_fire_1p": {
      "range": 150.0,
      "weight": 65.0
    },
    "superbwarfare:sks_fire_3p": {
      "range": 150.0,
      "weight": 65.0
    },
    "superbwarfare:sks_reload_normal": {
      "range": 30.0,
      "weight": 25.0
    },
    "superbwarfare:sks_reload_empty": {
      "range": 30.0,
      "weight": 25.0
    },
    "superbwarfare:sks_far": {
      "range": 250.0,
      "weight": 150.0
    },
    "superbwarfare:sks_veryfar": {
      "range": 400.0,
      "weight": 300.0
    },
    "superbwarfare:homemade_shotgun_fire_1p": {
      "range": 150.0,
      "weight": 65.0
    },
    "superbwarfare:homemade_shotgun_fire_3p": {
      "range": 150.0,
      "weight": 65.0
    },
    "superbwarfare:homemade_shotgun_far": {
      "range": 250.0,
      "weight": 150.0
    },
    "superbwarfare:homemade_shotgun_veryfar": {
      "range": 400.0,
      "weight": 300.0
    },
    "superbwarfare:homemade_shotgun_reload_normal": {
      "range": 30.0,
      "weight": 25.0
    },
    "superbwarfare:homemade_shotgun_reload_empty": {
      "range": 30.0,
      "weight": 25.0
    },
    "superbwarfare:ak_47_fire_1p": {
      "range": 150.0,
      "weight": 65.0
    },
    "superbwarfare:ak_47_fire_1p_s": {
      "range": 150.0,
      "weight": 65.0
    },
    "superbwarfare:ak_47_fire_3p": {
      "range": 150.0,
      "weight": 65.0
    },
    "superbwarfare:ak_47_fire_3p_s": {
      "range": 150.0,
      "weight": 65.0
    },
    "superbwarfare:ak_47_far": {
      "range": 250.0,
      "weight": 150.0
    },
    "superbwarfare:ak_47_veryfar": {
      "range": 400.0,
      "weight": 300.0
    },
    "superbwarfare:ak_47_reload_normal": {
      "range": 30.0,
      "weight": 25.0
    },
    "superbwarfare:ak_47_reload_empty": {
      "range": 30.0,
      "weight": 25.0
    },
    "superbwarfare:devotion_fire_1p": {
      "range": 150.0,
      "weight": 65.0
    },
    "superbwarfare:devotion_fire_3p": {
      "range": 150.0,
      "weight": 65.0
    },
    "superbwarfare:devotion_far": {
      "range": 250.0,
      "weight": 150.0
    },
    "superbwarfare:devotion_veryfar": {
      "range": 400.0,
      "weight": 300.0
    },
    "superbwarfare:devotion_reload_normal": {
      "range": 30.0,
      "weight": 25.0
    },
    "superbwarfare:devotion_reload_empty": {
      "range": 30.0,
      "weight": 25.0
    },
    "superbwarfare:rpg_fire_1p": {
      "range": 150.0,
      "weight": 65.0
    },
    "superbwarfare:rpg_fire_3p": {
      "range": 150.0,
      "weight": 65.0
    },
    "superbwarfare:rpg_far": {
      "range": 250.0,
      "weight": 150.0
    },
    "superbwarfare:rpg_veryfar": {
      "range": 400.0,
      "weight": 300.0
    },
    "superbwarfare:rpg_reload_empty": {
      "range": 30.0,
      "weight": 25.0
    },
    "superbwarfare:m_4_fire_1p": {
      "range": 150.0,
      "weight": 65.0
    },
    "superbwarfare:m_4_fire_1p_s": {
      "range": 150.0,
      "weight": 65.0
    },
    "superbwarfare:m_4_fire_3p": {
      "range": 150.0,
      "weight": 65.0
    },
    "superbwarfare:m_4_fire_3p_s": {
      "range": 150.0,
      "weight": 65.0
    },
    "superbwarfare:m_4_far": {
      "range": 250.0,
      "weight": 150.0
    },
    "superbwarfare:m_4_veryfar": {
      "range": 400.0,
      "weight": 300.0
    },
    "superbwarfare:m_4_reload_normal": {
      "range": 30.0,
      "weight": 25.0
    },
    "superbwarfare:m_4_reload_empty": {
      "range": 30.0,
      "weight": 25.0
    },
    "superbwarfare:aa_12_fire_1p": {
      "range": 150.0,
      "weight": 65.0
    },
    "superbwarfare:aa_12_fire_3p": {
      "range": 150.0,
      "weight": 65.0
    },
    "superbwarfare:aa_12_far": {
      "range": 250.0,
      "weight": 150.0
    },
    "superbwarfare:aa_12_veryfar": {
      "range": 400.0,
      "weight": 300.0
    },
    "superbwarfare:aa_12_reload_normal": {
      "range": 30.0,
      "weight": 25.0
    },
    "superbwarfare:aa_12_reload_empty": {
      "range": 30.0,
      "weight": 25.0
    },
    "superbwarfare:bocek_zoom_fire_1p": {
      "range": 150.0,
      "weight": 65.0
    },
    "superbwarfare:bocek_zoom_fire_3p": {
      "range": 150.0,
      "weight": 65.0
    },
    "superbwarfare:bocek_shatter_cap_fire_1p": {
      "range": 150.0,
      "weight": 65.0
    },
    "superbwarfare:bocek_shatter_cap_fire_3p": {
      "range": 150.0,
      "weight": 65.0
    },
    "superbwarfare:bocek_pull_1p": {
      "range": 30.0,
      "weight": 10.0
    },
    "superbwarfare:bocek_pull_3p": {
      "range": 30.0,
      "weight": 10.0
    },
    "superbwarfare:hk_416_fire_1p": {
      "range": 150.0,
      "weight": 65.0
    },
    "superbwarfare:hk_416_fire_1p_s": {
      "range": 150.0,
      "weight": 65.0
    },
    "superbwarfare:hk_416_fire_3p": {
      "range": 150.0,
      "weight": 65.0
    },
    "superbwarfare:hk_416_fire_3p_s": {
      "range": 150.0,
      "weight": 65.0
    },
    "superbwarfare:hk_416_far": {
      "range": 250.0,
      "weight": 150.0
    },
    "superbwarfare:hk_416_veryfar": {
      "range": 400.0,
      "weight": 300.0
    },
    "superbwarfare:hk_416_reload_normal": {
      "range": 30.0,
      "weight": 25.0
    },
    "superbwarfare:hk_416_reload_empty": {
      "range": 30.0,
      "weight": 25.0
    },
    "superbwarfare:rpk_fire_1p": {
      "range": 150.0,
      "weight": 65.0
    },
    "superbwarfare:rpk_fire_3p": {
      "range": 150.0,
      "weight": 65.0
    },
    "superbwarfare:rpk_fire_1p_s": {
      "range": 150.0,
      "weight": 65.0
    },
    "superbwarfare:rpk_fire_3p_s": {
      "range": 150.0,
      "weight": 65.0
    },
    "superbwarfare:rpk_far": {
      "range": 250.0,
      "weight": 150.0
    },
    "superbwarfare:rpk_veryfar": {
      "range": 400.0,
      "weight": 300.0
    },
    "superbwarfare:rpk_reload_normal": {
      "range": 30.0,
      "weight": 25.0
    },
    "superbwarfare:rpk_reload_empty": {
      "range": 30.0,
      "weight": 25.0
    },
    "superbwarfare:ntw_20_fire_1p": {
      "range": 150.0,
      "weight": 65.0
    },
    "superbwarfare:ntw_20_fire_3p": {
      "range": 150.0,
      "weight": 65.0
    },
    "superbwarfare:ntw_20_far": {
      "range": 250.0,
      "weight": 150.0
    },
    "superbwarfare:ntw_20_veryfar": {
      "range": 400.0,
      "weight": 300.0
    },
    "superbwarfare:ntw_20_reload_normal": {
      "range": 30.0,
      "weight": 25.0
    },
    "superbwarfare:ntw_20_reload_empty": {
      "range": 30.0,
      "weight": 25.0
    },
    "superbwarfare:ntw_20_bolt": {
      "range": 30.0,
      "weight": 10.0
    },
    "superbwarfare:vector_fire_1p": {
      "range": 150.0,
      "weight": 65.0
    },
    "superbwarfare:vector_fire_3p": {
      "range": 150.0,
      "weight": 65.0
    },
    "superbwarfare:vector_far": {
      "range": 250.0,
      "weight": 150.0
    },
    "superbwarfare:vector_veryfar": {
      "range": 400.0,
      "weight": 300.0
    },
    "superbwarfare:vector_fire_1p_s": {
      "range": 150.0,
      "weight": 65.0
    },
    "superbwarfare:vector_fire_3p_s": {
      "range": 150.0,
      "weight": 65.0
    },
    "superbwarfare:vector_far_s": {
      "range": 250.0,
      "weight": 150.0
    },
    "superbwarfare:vector_reload_normal": {
      "range": 30.0,
      "weight": 25.0
    },
    "superbwarfare:vector_reload_empty": {
      "range": 30.0,
      "weight": 25.0
    },
    "superbwarfare:minigun_fire_1p": {
      "range": 150.0,
      "weight": 65.0
    },
    "superbwarfare:minigun_fire_3p": {
      "range": 150.0,
      "weight": 65.0
    },
    "superbwarfare:minigun_far": {
      "range": 250.0,
      "weight": 150.0
    },
    "superbwarfare:minigun_veryfar": {
      "range": 400.0,
      "weight": 300.0
    },
    "superbwarfare:minigun_rot": {
      "range": 30.0,
      "weight": 10.0
    },
    "superbwarfare:minigun_overheat": {
      "range": 30.0,
      "weight": 10.0
    },
    "superbwarfare:mk_14_fire_1p": {
      "range": 150.0,
      "weight": 65.0
    },
    "superbwarfare:mk_14_fire_3p": {
      "range": 150.0,
      "weight": 65.0
    },
    "superbwarfare:mk_14_far": {
      "range": 250.0,
      "weight": 150.0
    },
    "superbwarfare:mk_14_veryfar": {
      "range": 400.0,
      "weight": 300.0
    },
    "superbwarfare:mk_14_fire_1p_s": {
      "range": 150.0,
      "weight": 65.0
    },
    "superbwarfare:mk_14_fire_3p_s": {
      "range": 150.0,
      "weight": 65.0
    },
    "superbwarfare:mk_14_far_s": {
      "range": 250.0,
      "weight": 150.0
    },
    "superbwarfare:mk_14_reload_normal": {
      "range": 30.0,
      "weight": 25.0
    },
    "superbwarfare:mk_14_reload_empty": {
      "range": 30.0,
      "weight": 25.0
    },
    "superbwarfare:sentinel_fire_1p": {
      "range": 150.0,
      "weight": 65.0
    },
    "superbwarfare:sentinel_fire_3p": {
      "range": 150.0,
      "weight": 65.0
    },
    "superbwarfare:sentinel_charge_fire_1p": {
      "range": 150.0,
      "weight": 65.0
    },
    "superbwarfare:sentinel_charge_fire_3p": {
      "range": 150.0,
      "weight": 65.0
    },
    "superbwarfare:sentinel_far": {
      "range": 250.0,
      "weight": 150.0
    },
    "superbwarfare:sentinel_veryfar": {
      "range": 400.0,
      "weight": 300.0
    },
    "superbwarfare:sentinel_charge_far": {
      "range": 250.0,
      "weight": 150.0
    },
    "superbwarfare:sentinel_charge_veryfar": {
      "range": 400.0,
      "weight": 300.0
    },
    "superbwarfare:sentinel_reload_normal": {
      "range": 30.0,
      "weight": 25.0
    },
    "superbwarfare:sentinel_reload_empty": {
      "range": 30.0,
      "weight": 25.0
    },
    "superbwarfare:sentinel_charge": {
      "range": 30.0,
      "weight": 10.0
    },
    "superbwarfare:sentinel_bolt": {
      "range": 30.0,
      "weight": 10.0
    },
    "superbwarfare:m_60_fire_1p": {
      "range": 150.0,
      "weight": 65.0
    },
    "superbwarfare:m_60_fire_3p": {
      "range": 150.0,
      "weight": 65.0
    },
    "superbwarfare:m_60_far": {
      "range": 250.0,
      "weight": 150.0
    },
    "superbwarfare:m_60_veryfar": {
      "range": 400.0,
      "weight": 300.0
    },
    "superbwarfare:m_60_reload_normal": {
      "range": 30.0,
      "weight": 25.0
    },
    "superbwarfare:m_60_reload_empty": {
      "range": 30.0,
      "weight": 25.0
    },
    "superbwarfare:svd_fire_1p": {
      "range": 150.0,
      "weight": 65.0
    },
    "superbwarfare:svd_fire_3p": {
      "range": 150.0,
      "weight": 65.0
    },
    "superbwarfare:svd_far": {
      "range": 250.0,
      "weight": 150.0
    },
    "superbwarfare:svd_veryfar": {
      "range": 400.0,
      "weight": 300.0
    },
    "superbwarfare:svd_fire_1p_s": {
      "range": 150.0,
      "weight": 65.0
    },
    "superbwarfare:svd_fire_3p_s": {
      "range": 150.0,
      "weight": 65.0
    },
    "superbwarfare:svd_far_s": {
      "range": 250.0,
      "weight": 150.0
    },
    "superbwarfare:svd_reload_normal": {
      "range": 30.0,
      "weight": 25.0
    },
    "superbwarfare:svd_reload_empty": {
      "range": 30.0,
      "weight": 25.0
    },
    "superbwarfare:m_98b_fire_1p": {
      "range": 150.0,
      "weight": 65.0
    },
    "superbwarfare:m_98b_fire_3p": {
      "range": 150.0,
      "weight": 65.0
    },
    "superbwarfare:m_98b_fire_1p_s": {
      "range": 150.0,
      "weight": 65.0
    },
    "superbwarfare:m_98b_fire_3p_s": {
      "range": 150.0,
      "weight": 65.0
    },
    "superbwarfare:m_98b_far": {
      "range": 250.0,
      "weight": 150.0
    },
    "superbwarfare:m_98b_veryfar": {
      "range": 400.0,
      "weight": 300.0
    },
    "superbwarfare:m_98b_reload_normal": {
      "range": 30.0,
      "weight": 25.0
    },
    "superbwarfare:m_98b_reload_empty": {
      "range": 30.0,
      "weight": 25.0
    },
    "superbwarfare:m_98b_bolt": {
      "range": 30.0,
      "weight": 10.0
    },
    "superbwarfare:marlin_fire_1p": {
      "range": 150.0,
      "weight": 65.0
    },
    "superbwarfare:marlin_fire_3p": {
      "range": 150.0,
      "weight": 65.0
    },
    "superbwarfare:marlin_far": {
      "range": 250.0,
      "weight": 150.0
    },
    "superbwarfare:marlin_veryfar": {
      "range": 400.0,
      "weight": 300.0
    },
    "superbwarfare:marlin_loop": {
      "range": 30.0,
      "weight": 10.0
    },
    "superbwarfare:marlin_prepare": {
      "range": 30.0,
      "weight": 10.0
    },
    "superbwarfare:marlin_end": {
      "range": 30.0,
      "weight": 10.0
    },
    "superbwarfare:marlin_bolt": {
      "range": 30.0,
      "weight": 10.0
    },
    "superbwarfare:m_870_fire_1p": {
      "range": 150.0,
      "weight": 65.0
    },
    "superbwarfare:m_870_fire_3p": {
      "range": 150.0,
      "weight": 65.0
    },
    "superbwarfare:m_870_far": {
      "range": 250.0,
      "weight": 150.0
    },
    "superbwarfare:m_870_veryfar": {
      "range": 400.0,
      "weight": 300.0
    },
    "superbwarfare:m_870_prepare_load": {
      "range": 30.0,
      "weight": 10.0
    },
    "superbwarfare:m_870_loop": {
      "range": 30.0,
      "weight": 10.0
    },
    "superbwarfare:m_870_bolt": {
      "range": 30.0,
      "weight": 10.0
    },
    "superbwarfare:glock_17_fire_1p": {
      "range": 150.0,
      "weight": 65.0
    },
    "superbwarfare:glock_17_fire_3p": {
      "range": 150.0,
      "weight": 65.0
    },
    "superbwarfare:glock_17_far": {
      "range": 250.0,
      "weight": 150.0
    },
    "superbwarfare:glock_17_veryfar": {
      "range": 400.0,
      "weight": 300.0
    },
    "superbwarfare:glock_17_reload_normal": {
      "range": 30.0,
      "weight": 25.0
    },
    "superbwarfare:glock_17_reload_empty": {
      "range": 30.0,
      "weight": 25.0
    },
    "superbwarfare:mp_443_fire_1p": {
      "range": 150.0,
      "weight": 65.0
    },
    "superbwarfare:mp_443_fire_3p": {
      "range": 150.0,
      "weight": 65.0
    },
    "superbwarfare:m_1911_fire_1p": {
      "range": 150.0,
      "weight": 65.0
    },
    "superbwarfare:m_1911_fire_3p": {
      "range": 150.0,
      "weight": 65.0
    },
    "superbwarfare:m_1911_far": {
      "range": 250.0,
      "weight": 150.0
    },
    "superbwarfare:m_1911_veryfar": {
      "range": 400.0,
      "weight": 300.0
    },
    "superbwarfare:qbz_95_fire_1p": {
      "range": 150.0,
      "weight": 65.0
    },
    "superbwarfare:qbz_95_fire_1p_s": {
      "range": 150.0,
      "weight": 65.0
    },
    "superbwarfare:qbz_95_fire_3p": {
      "range": 150.0,
      "weight": 65.0
    },
    "superbwarfare:qbz_95_fire_3p_s": {
      "range": 150.0,
      "weight": 65.0
    },
    "superbwarfare:qbz_95_far": {
      "range": 250.0,
      "weight": 150.0
    },
    "superbwarfare:qbz_95_veryfar": {
      "range": 400.0,
      "weight": 300.0
    },
    "superbwarfare:qbz_95_reload_normal": {
      "range": 30.0,
      "weight": 25.0
    },
    "superbwarfare:qbz_95_reload_empty": {
      "range": 30.0,
      "weight": 25.0
    },
    "superbwarfare:k_98_fire_1p": {
      "range": 150.0,
      "weight": 65.0
    },
    "superbwarfare:k_98_fire_3p": {
      "range": 150.0,
      "weight": 65.0
    },
    "superbwarfare:k_98_far": {
      "range": 250.0,
      "weight": 150.0
    },
    "superbwarfare:k_98_veryfar": {
      "range": 400.0,
      "weight": 300.0
    },
    "superbwarfare:k_98_reload_empty": {
      "range": 30.0,
      "weight": 25.0
    },
    "superbwarfare:k_98_bolt": {
      "range": 30.0,
      "weight": 10.0
    },
    "superbwarfare:k_98_loop": {
      "range": 30.0,
      "weight": 10.0
    },
    "superbwarfare:k_98_prepare": {
      "range": 30.0,
      "weight": 10.0
    },
    "superbwarfare:k_98_end": {
      "range": 30.0,
      "weight": 10.0
    },
    "superbwarfare:mosin_nagant_fire_1p": {
      "range": 150.0,
      "weight": 65.0
    },
    "superbwarfare:mosin_nagant_fire_3p": {
      "range": 150.0,
      "weight": 65.0
    },
    "superbwarfare:mosin_nagant_far": {
      "range": 250.0,
      "weight": 150.0
    },
    "superbwarfare:mosin_nagant_veryfar": {
      "range": 400.0,
      "weight": 300.0
    },
    "superbwarfare:mosin_nagant_bolt": {
      "range": 30.0,
      "weight": 10.0
    },
    "superbwarfare:mosin_nagant_loop": {
      "range": 30.0,
      "weight": 10.0
    },
    "superbwarfare:mosin_nagant_prepare": {
      "range": 30.0,
      "weight": 10.0
    },
    "superbwarfare:mosin_nagant_prepare_empty": {
      "range": 10.0,
      "weight": 14.0
    },
    "superbwarfare:mosin_nagant_end": {
      "range": 30.0,
      "weight": 10.0
    },
    "superbwarfare:javelin_fire_1p": {
      "range": 150.0,
      "weight": 65.0
    },
    "superbwarfare:javelin_fire_3p": {
      "range": 150.0,
      "weight": 65.0
    },
    "superbwarfare:javelin_far": {
      "range": 250.0,
      "weight": 150.0
    },
    "superbwarfare:javelin_reload_empty": {
      "range": 30.0,
      "weight": 25.0
    },
    "superbwarfare:javelin_lock": {
      "range": 30.0,
      "weight": 10.0
    },
    "superbwarfare:javelin_lockon": {
      "range": 30.0,
      "weight": 10.0
    },
    "superbwarfare:ak_12_fire_1p": {
      "range": 150.0,
      "weight": 65.0
    },
    "superbwarfare:ak_12_fire_3p": {
      "range": 150.0,
      "weight": 65.0
    },
    "superbwarfare:ak_12_fire_1p_s": {
      "range": 150.0,
      "weight": 65.0
    },
    "superbwarfare:ak_12_fire_3p_s": {
      "range": 150.0,
      "weight": 65.0
    },
    "superbwarfare:ak_12_far": {
      "range": 250.0,
      "weight": 150.0
    },
    "superbwarfare:ak_12_veryfar": {
      "range": 400.0,
      "weight": 300.0
    },
    "superbwarfare:ak_12_far_s": {
      "range": 250.0,
      "weight": 150.0
    },
    "superbwarfare:ak_12_veryfar_s": {
      "range": 400.0,
      "weight": 300.0
    },
    "superbwarfare:ak_12_reload_normal": {
      "range": 30.0,
      "weight": 25.0
    },
    "superbwarfare:ak_12_reload_empty": {
      "range": 30.0,
      "weight": 25.0
    },
    "superbwarfare:bullet_supply": {
      "range": 30.0,
      "weight": 10.0
    },
    "superbwarfare:shock": {
      "range": 30.0,
      "weight": 10.0
    },
    "superbwarfare:electric": {
      "range": 30.0,
      "weight": 10.0
    },
    "superbwarfare:triggerclick": {
      "range": 30.0,
      "weight": 10.0
    },
    "superbwarfare:hit": {
      "range": 30.0,
      "weight": 10.0
    },
    "superbwarfare:targetdown": {
      "range": 30.0,
      "weight": 10.0
    },
    "superbwarfare:indication": {
      "range": 30.0,
      "weight": 10.0
    },
    "superbwarfare:indication_vehicle": {
      "range": 30.0,
      "weight": 10.0
    },
    "superbwarfare:jump": {
      "range": 30.0,
      "weight": 10.0
    },
    "superbwarfare:doublejump": {
      "range": 30.0,
      "weight": 10.0
    },
    "superbwarfare:explosion_close": {
      "range": 30.0,
      "weight": 10.0
    },
    "superbwarfare:explosion_far": {
      "range": 250.0,
      "weight": 150.0
    },
    "superbwarfare:explosion_very_far": {
      "range": 400.0,
      "weight": 300.0
    },
    "superbwarfare:explosion_water": {
      "range": 30.0,
      "weight": 10.0
    },
    "superbwarfare:ouch": {
      "range": 30.0,
      "weight": 10.0
    },
    "superbwarfare:step": {
      "range": 30.0,
      "weight": 10.0
    },
    "superbwarfare:growl": {
      "range": 30.0,
      "weight": 10.0
    },
    "superbwarfare:idle": {
      "range": 30.0,
      "weight": 10.0
    },
    "superbwarfare:land": {
      "range": 30.0,
      "weight": 10.0
    },
    "superbwarfare:headshot": {
      "range": 30.0,
      "weight": 10.0
    },
    "superbwarfare:mortar_fire": {
      "range": 150.0,
      "weight": 65.0
    },
    "superbwarfare:mortar_distant": {
      "range": 30.0,
      "weight": 10.0
    },
    "superbwarfare:mortar_load": {
      "range": 30.0,
      "weight": 10.0
    },
    "superbwarfare:firerate": {
      "range": 150.0,
      "weight": 65.0
    },
    "superbwarfare:adjust_fov": {
      "range": 30.0,
      "weight": 10.0
    },
    "superbwarfare:mk_42_fire_1p": {
      "range": 150.0,
      "weight": 65.0
    },
    "superbwarfare:mk_42_far": {
      "range": 250.0,
      "weight": 150.0
    },
    "superbwarfare:mk_42_veryfar": {
      "range": 400.0,
      "weight": 300.0
    },
    "superbwarfare:mk_42_fire_3p": {
      "range": 150.0,
      "weight": 65.0
    },
    "superbwarfare:cannon_reload": {
      "range": 30.0,
      "weight": 25.0
    },
    "superbwarfare:cannon_zoom_in": {
      "range": 30.0,
      "weight": 10.0
    },
    "superbwarfare:cannon_zoom_out": {
      "range": 30.0,
      "weight": 10.0
    },
    "superbwarfare:drone_sound": {
      "range": 30.0,
      "weight": 10.0
    },
    "superbwarfare:grenade_throw": {
      "range": 30.0,
      "weight": 10.0
    },
    "superbwarfare:grenade_pull": {
      "range": 30.0,
      "weight": 10.0
    },
    "superbwarfare:heng": {
      "range": 30.0,
      "weight": 10.0
    },
    "superbwarfare:edit_mode": {
      "range": 30.0,
      "weight": 10.0
    },
    "superbwarfare:edit": {
      "range": 30.0,
      "weight": 10.0
    },
    "superbwarfare:shell_casing_normal": {
      "range": 30.0,
      "weight": 10.0
    },
    "superbwarfare:shell_casing_shotgun": {
      "range": 30.0,
      "weight": 10.0
    },
    "superbwarfare:shell_casing_50cal": {
      "range": 30.0,
      "weight": 10.0
    },
    "superbwarfare:huge_explosion_close": {
      "range": 30.0,
      "weight": 10.0
    },
    "superbwarfare:huge_explosion_far": {
      "range": 250.0,
      "weight": 150.0
    },
    "superbwarfare:huge_explosion_very_far": {
      "range": 400.0,
      "weight": 300.0
    },
    "superbwarfare:open": {
      "range": 30.0,
      "weight": 10.0
    },
    "superbwarfare:charge_rifle_fire_1p": {
      "range": 150.0,
      "weight": 65.0
    },
    "superbwarfare:charge_rifle_fire_3p": {
      "range": 150.0,
      "weight": 65.0
    },
    "superbwarfare:charge_rifle_fire_boom_1p": {
      "range": 150.0,
      "weight": 65.0
    },
    "superbwarfare:charge_rifle_fire_boom_3p": {
      "range": 150.0,
      "weight": 65.0
    },
    "superbwarfare:annihilator_fire_1p": {
      "range": 150.0,
      "weight": 65.0
    },
    "superbwarfare:annihilator_fire_3p": {
      "range": 150.0,
      "weight": 65.0
    },
    "superbwarfare:annihilator_far": {
      "range": 250.0,
      "weight": 150.0
    },
    "superbwarfare:annihilator_veryfar": {
      "range": 400.0,
      "weight": 300.0
    },
    "superbwarfare:annihilator_reload": {
      "range": 30.0,
      "weight": 25.0
    },
    "superbwarfare:boat_engine": {
      "range": 30.0,
      "weight": 10.0
    },
    "superbwarfare:vehicle_strike": {
      "range": 30.0,
      "weight": 10.0
    },
    "superbwarfare:m_2_hb_fire_1p": {
      "range": 150.0,
      "weight": 65.0
    },
    "superbwarfare:m_2_hb_fire_3p": {
      "range": 150.0,
      "weight": 65.0
    },
    "superbwarfare:m_2_hb_far": {
      "range": 250.0,
      "weight": 150.0
    },
    "superbwarfare:m_2_hb_veryfar": {
      "range": 400.0,
      "weight": 300.0
    },
    "superbwarfare:m_2_hb_reload_normal": {
      "range": 30.0,
      "weight": 25.0
    },
    "superbwarfare:m_2_hb_reload_empty": {
      "range": 30.0,
      "weight": 25.0
    },
    "superbwarfare:wheel_chair_engine": {
      "range": 30.0,
      "weight": 10.0
    },
    "superbwarfare:wheel_chair_jump": {
      "range": 30.0,
      "weight": 10.0
    },
    "superbwarfare:radar_search_start": {
      "range": 30.0,
      "weight": 10.0
    },
    "superbwarfare:radar_search_idle": {
      "range": 30.0,
      "weight": 10.0
    },
    "superbwarfare:radar_search_end": {
      "range": 30.0,
      "weight": 10.0
    },
    "superbwarfare:helicopter_engine_start": {
      "range": 30.0,
      "weight": 10.0
    },
    "superbwarfare:helicopter_engine": {
      "range": 30.0,
      "weight": 10.0
    },
    "superbwarfare:heli_cannon_fire_1p": {
      "range": 150.0,
      "weight": 65.0
    },
    "superbwarfare:heli_cannon_fire_3p": {
      "range": 150.0,
      "weight": 65.0
    },
    "superbwarfare:heli_cannon_far": {
      "range": 250.0,
      "weight": 150.0
    },
    "superbwarfare:heli_cannon_veryfar": {
      "range": 400.0,
      "weight": 300.0
    },
    "superbwarfare:small_rocket_fire_1p": {
      "range": 150.0,
      "weight": 65.0
    },
    "superbwarfare:small_rocket_fire_3p": {
      "range": 150.0,
      "weight": 65.0
    },
    "superbwarfare:into_cannon": {
      "range": 30.0,
      "weight": 10.0
    },
    "superbwarfare:into_missile": {
      "range": 30.0,
      "weight": 10.0
    },
    "superbwarfare:missile_reload": {
      "range": 30.0,
      "weight": 25.0
    },
    "superbwarfare:low_health": {
      "range": 30.0,
      "weight": 10.0
    },
    "superbwarfare:no_health": {
      "range": 30.0,
      "weight": 10.0
    },
    "superbwarfare:locking_warning": {
      "range": 30.0,
      "weight": 10.0
    },
    "superbwarfare:locked_warning": {
      "range": 30.0,
      "weight": 10.0
    },
    "superbwarfare:missile_warning": {
      "range": 30.0,
      "weight": 10.0
    },
    "superbwarfare:decoy_reload": {
      "range": 30.0,
      "weight": 25.0
    },
    "superbwarfare:decoy_fire": {
      "range": 150.0,
      "weight": 65.0
    },
    "superbwarfare:secondary_cataclysm_fire_1p": {
      "range": 150.0,
      "weight": 65.0
    },
    "superbwarfare:secondary_cataclysm_fire_3p": {
      "range": 150.0,
      "weight": 65.0
    },
    "superbwarfare:secondary_cataclysm_far": {
      "range": 250.0,
      "weight": 150.0
    },
    "superbwarfare:secondary_cataclysm_veryfar": {
      "range": 400.0,
      "weight": 300.0
    },
    "superbwarfare:secondary_cataclysm_loop": {
      "range": 30.0,
      "weight": 10.0
    },
    "superbwarfare:secondary_cataclysm_prepare_load": {
      "range": 30.0,
      "weight": 10.0
    },
    "superbwarfare:secondary_cataclysm_end": {
      "range": 30.0,
      "weight": 10.0
    },
    "superbwarfare:secondary_cataclysm_fire_1p_charge": {
      "range": 150.0,
      "weight": 65.0
    },
    "superbwarfare:secondary_cataclysm_fire_3p_charge": {
      "range": 150.0,
      "weight": 65.0
    },
    "superbwarfare:secondary_cataclysm_far_charge": {
      "range": 250.0,
      "weight": 150.0
    },
    "superbwarfare:secondary_cataclysm_veryfar_charge": {
      "range": 400.0,
      "weight": 300.0
    },
    "superbwarfare:lunge_mine_growl": {
      "range": 30.0,
      "weight": 10.0
    },
    "superbwarfare:lav_fire_1p": {
      "range": 150.0,
      "weight": 65.0
    },
    "superbwarfare:lav_fire_3p": {
      "range": 150.0,
      "weight": 65.0
    },
    "superbwarfare:lav_far": {
      "range": 250.0,
      "weight": 150.0
    },
    "superbwarfare:lav_veryfar": {
      "range": 400.0,
      "weight": 300.0
    },
    "superbwarfare:lav_engine": {
      "range": 30.0,
      "weight": 10.0
    },
    "superbwarfare:coax_fire_1p": {
      "range": 150.0,
      "weight": 65.0
    },
    "superbwarfare:bmp_fire_1p": {
      "range": 150.0,
      "weight": 65.0
    },
    "superbwarfare:bmp_fire_3p": {
      "range": 150.0,
      "weight": 65.0
    },
    "superbwarfare:bmp_engine": {
      "range": 30.0,
      "weight": 10.0
    },
    "superbwarfare:bmp_missile_fire_1p": {
      "range": 150.0,
      "weight": 65.0
    },
    "superbwarfare:bmp_missile_fire_3p": {
      "range": 150.0,
      "weight": 65.0
    },
    "superbwarfare:bmp_missile_reload": {
      "range": 30.0,
      "weight": 25.0
    },
    "superbwarfare:wheel_step": {
      "range": 30.0,
      "weight": 10.0
    },
    "superbwarfare:laser_tower_shoot": {
      "range": 30.0,
      "weight": 10.0
    },
    "superbwarfare:yx_100_reload": {
      "range": 30.0,
      "weight": 25.0
    },
    "superbwarfare:yx_100_fire_1p": {
      "range": 150.0,
      "weight": 65.0
    },
    "superbwarfare:yx_100_fire_3p": {
      "range": 150.0,
      "weight": 65.0
    },
    "superbwarfare:yx_100_far": {
      "range": 250.0,
      "weight": 150.0
    },
    "superbwarfare:yx_100_veryfar": {
      "range": 400.0,
      "weight": 300.0
    },
    "superbwarfare:yx_100_engine": {
      "range": 30.0,
      "weight": 10.0
    },
    "superbwarfare:turret_turn": {
      "range": 30.0,
      "weight": 10.0
    },
    "superbwarfare:c4_beep": {
      "range": 30.0,
      "weight": 10.0
    },
    "superbwarfare:c4_final": {
      "range": 30.0,
      "weight": 10.0
    },
    "superbwarfare:c4_throw": {
      "range": 30.0,
      "weight": 10.0
    },
    "superbwarfare:c4_detonator_click": {
      "range": 30.0,
      "weight": 10.0
    },
    "superbwarfare:prism_fire_1p": {
      "range": 150.0,
      "weight": 65.0
    },
    "superbwarfare:prism_fire_3p": {
      "range": 150.0,
      "weight": 65.0
    },
    "superbwarfare:prism_fire_1p_2": {
      "range": 150.0,
      "weight": 65.0
    },
    "superbwarfare:prism_fire_3p_2": {
      "range": 150.0,
      "weight": 65.0
    },
    "superbwarfare:prism_engine": {
      "range": 30.0,
      "weight": 10.0
    },
    "superbwarfare:insidious_fire_1p": {
      "range": 150.0,
      "weight": 65.0
    },
    "superbwarfare:insidious_fire_3p": {
      "range": 150.0,
      "weight": 65.0
    },
    "superbwarfare:insidious_far": {
      "range": 250.0,
      "weight": 150.0
    },
    "superbwarfare:insidious_veryfar": {
      "range": 400.0,
      "weight": 300.0
    },
    "superbwarfare:insidious_reload_empty": {
      "range": 30.0,
      "weight": 25.0
    },
    "superbwarfare:smoke_fire": {
      "range": 150.0,
      "weight": 65.0
    },
    "superbwarfare:hpj_11_fire_3p": {
      "range": 150.0,
      "weight": 65.0
    },
    "superbwarfare:track_move": {
      "range": 30.0,
      "weight": 10.0
    },
    "superbwarfare:rocket_fly": {
      "range": 30.0,
      "weight": 10.0
    },
    "superbwarfare:shell_fly": {
      "range": 30.0,
      "weight": 10.0
    },
    "superbwarfare:rocket_engine": {
      "range": 30.0,
      "weight": 10.0
    },
    "superbwarfare:vehicle_swim": {
      "range": 30.0,
      "weight": 10.0
    },
    "superbwarfare:a10_engine": {
      "range": 30.0,
      "weight": 10.0
    },
    "superbwarfare:a10_fire": {
      "range": 150.0,
      "weight": 65.0
    },
    "superbwarfare:bomb_release": {
      "range": 30.0,
      "weight": 10.0
    },
    "superbwarfare:missile_start": {
      "range": 30.0,
      "weight": 10.0
    },
    "superbwarfare:bomb_reload": {
      "range": 30.0,
      "weight": 25.0
    },
    "superbwarfare:jet_lock": {
      "range": 30.0,
      "weight": 10.0
    },
    "superbwarfare:jet_lockon": {
      "range": 30.0,
      "weight": 10.0
    },
    "superbwarfare:dps_generator_evolve": {
      "range": 30.0,
      "weight": 10.0
    },
    "superbwarfare:melee_hit": {
      "range": 30.0,
      "weight": 10.0
    },
    "superbwarfare:aurelia_sceptre_fire_1p": {
      "range": 150.0,
      "weight": 65.0
    },
    "superbwarfare:aurelia_sceptre_fire_3p": {
      "range": 150.0,
      "weight": 65.0
    },
    "superbwarfare:fly_loop": {
      "range": 30.0,
      "weight": 10.0
    },
    "superbwarfare:mp_5_fire_1p": {
      "range": 150.0,
      "weight": 65.0
    },
    "superbwarfare:mp_5_fire_3p": {
      "range": 150.0,
      "weight": 65.0
    },
    "superbwarfare:mp_5_far": {
      "range": 250.0,
      "weight": 150.0
    },
    "superbwarfare:mp_5_veryfar": {
      "range": 400.0,
      "weight": 300.0
    },
    "superbwarfare:mp_5_fire_1p_s": {
      "range": 150.0,
      "weight": 65.0
    },
    "superbwarfare:mp_5_fire_3p_s": {
      "range": 150.0,
      "weight": 65.0
    },
    "superbwarfare:mp_5_reload_normal": {
      "range": 30.0,
      "weight": 25.0
    },
    "superbwarfare:mp_5_reload_empty": {
      "range": 30.0,
      "weight": 25.0
    },
    "superbwarfare:steel_pipe_hit": {
      "range": 30.0,
      "weight": 10.0
    },
    "superbwarfare:steel_pipe_drop": {
      "range": 30.0,
      "weight": 10.0
    },
    "superbwarfare:qbz_191_fire_1p": {
      "range": 150.0,
      "weight": 65.0
    },
    "superbwarfare:qbz_191_fire_1p_s": {
      "range": 150.0,
      "weight": 65.0
    },
    "superbwarfare:qbz_191_fire_3p": {
      "range": 150.0,
      "weight": 65.0
    },
    "superbwarfare:qbz_191_fire_3p_s": {
      "range": 150.0,
      "weight": 65.0
    },
    "superbwarfare:qbz_191_far": {
      "range": 250.0,
      "weight": 150.0
    },
    "superbwarfare:qbz_191_veryfar": {
      "range": 400.0,
      "weight": 300.0
    },
    "superbwarfare:qbz_191_reload_normal": {
      "range": 30.0,
      "weight": 25.0
    },
    "superbwarfare:qbz_191_reload_empty": {
      "range": 30.0,
      "weight": 25.0
    },
    "superbwarfare:smoke_grenade_release": {
      "range": 30.0,
      "weight": 10.0
    },
    "superbwarfare:hand_wheel_rot": {
      "range": 30.0,
      "weight": 10.0
    },
    "superbwarfare:medium_rocket_fire": {
      "range": 150.0,
      "weight": 65.0
    },
    "superbwarfare:ty63_reload": {
      "range": 30.0,
      "weight": 25.0
    }
  }
}