{
  "replace_whitelist": false,
  "replace_defaults": false,
  "whitelist": [
    "scguns:item.airgun.fire",
    "scguns:item.beam.fire",
    "scguns:item.blackpowder.fire",
    "scguns:item.boomstick.fire",
    "scguns:item.brass_pistol.fire",
    "scguns:item.brass_revolver.fire",
    "scguns:item.brass_shotgun.fire",
    "scguns:item.bruiser.fire",
    "scguns:item.bruiser.silenced_fire",
    "scguns:item.combat_shotgun.fire",
    "scguns:item.combat_shotgun.silenced_fire",
    "scguns:item.cowboy.fire",
    "scguns:item.flamethrower.fire_2",
    "scguns:item.flamethrower.reload",
    "scguns:item.gauss.fire",
    "scguns:item.gauss.reload",
    "scguns:item.greaser_smg.fire",
    "scguns:item.gyrojet.fire",
    "scguns:item.heavier_rifle.fire",
    "scguns:item.heavy_rifle.fire",
    "scguns:item.iron_pistol.fire",
    "scguns:item.iron_rifle.fire",
    "scguns:item.makeshift_rifle.cock",
    "scguns:item.makeshift_rifle.fire",
    "scguns:item.makeshift_rifle.silenced_fire",
    "scguns:item.pistol.cock",
    "scguns:item.pistol.reload",
    "scguns:item.plasma.fire",
    "scguns:item.raygun.fire",
    "scguns:item.rocket.fire",
    "scguns:item.rocket_rifle.fire",
    "scguns:item.rusty_gnat.fire",
    "scguns:item.rusty_gnat.silenced_fire",
    "scguns:item.scorched_rifle.fire",
    "scguns:item.scorched_sniper.fire",
    "scguns:item.scrapper.fire",
    "scguns:item.sculk.fire",
    "scguns:item.shock.fire",
    "scguns:item.shock.silenced_fire",
    "scguns:item.shulker.fire"
  ],
  "defaults": {
    "scguns:item.makeshift_rifle.cock": {
      "range": 10.0,
      "weight": 1.0
    },
    "scguns:item.pistol.cock": {
      "range": 5.0,
      "weight": 0.5
    },
    "scguns:item.flamethrower.reload": {
      "range": 10.0,
      "weight": 1.0
    },
    "scguns:item.gauss.reload": {
      "range": 25.0,
      "weight": 2.5
    },
    "scguns:item.pistol.reload": {
      "range": 10.0,
      "weight": 1.0
    },
    "scguns:item.airgun.fire": {
      "range": 140.0,
      "weight": 14.0
    },
    "scguns:item.beam.fire": {
      "range": 160.0,
      "weight": 16.0
    },
    "scguns:item.blackpowder.fire": {
      "range": 175.0,
      "weight": 17.5
    },
    "scguns:item.boomstick.fire": {
      "range": 180.0,
      "weight": 18.0
    },
    "scguns:item.brass_pistol.fire": {
      "range": 105.0,
      "weight": 10.5
    },
    "scguns:item.brass_revolver.fire": {
      "range": 170.0,
      "weight": 17.0
    },
    "scguns:item.brass_shotgun.fire": {
      "range": 170.0,
      "weight": 17.0
    },
    "scguns:item.bruiser.fire": {
      "range": 175.0,
      "weight": 17.5
    },
    "scguns:item.combat_shotgun.fire": {
      "range": 180.0,
      "weight": 18.0
    },
    "scguns:item.cowboy.fire": {
      "range": 170.0,
      "weight": 17.0
    },
    "scguns:item.flamethrower.fire_2": {
      "range": 155.0,
      "weight": 15.5
    },
    "scguns:item.gauss.fire": {
      "range": 190.0,
      "weight": 19.0
    },
    "scguns:item.greaser_smg.fire": {
      "range": 170.0,
      "weight": 17.0
    },
    "scguns:item.gyrojet.fire": {
      "range": 175.0,
      "weight": 17.5
    },
    "scguns:item.heavy_rifle.fire": {
      "range": 180.0,
      "weight": 18.0
    },
    "scguns:item.heavier_rifle.fire": {
      "range": 185.0,
      "weight": 18.5
    },
    "scguns:item.iron_pistol.fire": {
      "range": 170.0,
      "weight": 17.0
    },
    "scguns:item.iron_rifle.fire": {
      "range": 180.0,
      "weight": 18.0
    },
    "scguns:item.makeshift_rifle.fire": {
      "range": 110.0,
      "weight": 11.0
    },
    "scguns:item.plasma.fire": {
      "range": 175.0,
      "weight": 17.5
    },
    "scguns:item.raygun.fire": {
      "range": 170.0,
      "weight": 17.0
    },
    "scguns:item.rocket.fire": {
      "range": 140.0,
      "weight": 14.0
    },
    "scguns:item.rocket_rifle.fire": {
      "range": 195.0,
      "weight": 19.5
    },
    "scguns:item.rusty_gnat.fire": {
      "range": 165.0,
      "weight": 16.5
    },
    "scguns:item.scrapper.fire": {
      "range": 170.0,
      "weight": 17.0
    },
    "scguns:item.sculk.fire": {
      "range": 160.0,
      "weight": 16.0
    },
    "scguns:item.shock.fire": {
      "range": 155.0,
      "weight": 15.5
    },
    "scguns:item.shulker.fire": {
      "range": 165.0,
      "weight": 16.5
    },
    "scguns:item.scorched_sniper.fire": {
      "range": 190.0,
      "weight": 19.0
    },
    "scguns:item.scorched_rifle.fire": {
      "range": 185.0,
      "weight": 18.5
    },
    "scguns:item.shock.silenced_fire": {
      "range": 45.0,
      "weight": 4.5
    },
    "scguns:item.bruiser.silenced_fire": {
      "range": 55.0,
      "weight": 5.5
    },
    "scguns:item.makeshift_rifle.silenced_fire": {
      "range": 50.0,
      "weight": 5.0
    },
    "scguns:item.combat_shotgun.silenced_fire": {
      "range": 60.0,
      "weight": 6.0
    },
    "scguns:item.rusty_gnat.silenced_fire": {
      "range": 45.0,
      "weight": 4.5
    }
  }
}