{
  "replace": true,
  "profiles": [
    {
      "name": "GreedyGoblin",
      "mob": "minecraft:piglin",
      "nbt": "",
      "sound_overrides": [],
      "detection_overrides": {
        "standing": 40.0,
        "sneaking": 20.0,
        "crawling": 10.0
      }
    },
    {
      "name": "SmartZombie",
      "mob": "minecraft:zombie",
      "nbt": "{IsAlpha:1b}",
      "sound_overrides": [],
      "detection_overrides": {
        "standing": 80.0,
        "sneaking": 45.0,
        "crawling": 15.0
      }
    },
    {
      "name": "InsaneVillager",
      "mob": "minecraft:villager",
      "nbt": "",
      "sound_overrides": [],
      "detection_overrides": {}
    }
  ]
}