{
  "replace": true,
  "colors": {
    "minecraft:leather_helmet": "#804F27",
    "minecraft:leather_chestplate": "#804F27",
    "minecraft:leather_leggings": "#804F27",
    "minecraft:leather_boots": "#804F27",
    "minecraft:chainmail_helmet": "#58585A",
    "minecraft:chainmail_chestplate": "#58585A",
    "minecraft:chainmail_leggings": "#58585A",
    "minecraft:chainmail_boots": "#58585A",
    "minecraft:iron_helmet": "#CACACA",
    "minecraft:iron_chestplate": "#CACACA",
    "minecraft:iron_leggings": "#CACACA",
    "minecraft:iron_boots": "#CACACA",
    "minecraft:golden_helmet": "#F5E54C",
    "minecraft:golden_chestplate": "#F5E54C",
    "minecraft:golden_leggings": "#F5E54C",
    "minecraft:golden_boots": "#F5E54C",
    "minecraft:diamond_helmet": "#39D5CD",
    "minecraft:diamond_chestplate": "#39D5CD",
    "minecraft:diamond_leggings": "#39D5CD",
    "minecraft:diamond_boots": "#39D5CD",
    "minecraft:netherite_helmet": "#403B3B",
    "minecraft:netherite_chestplate": "#403B3B",
    "minecraft:netherite_leggings": "#403B3B",
    "minecraft:netherite_boots": "#403B3B",
    "minecraft:turtle_helmet": "#7B8834"
  }
}